,Unnamed: 0.1,Unnamed: 0,organization.organizationIdentifier,orgType,location.locationIdentifier,name,division,sourceLink
0,0,0,LightTree,OPERATIONS,LT-1,LightTree,,http://lighttree.com
1,1,1,FAA,CUSTOMER,FAA - Washington,Federal Aviation Administration (FAA),,http://lighttree.com/FAA
2,2,2,COLA,CUSTOMER,COLA - Los Alamos,City of Los Alamos,,http://lighttree.com/COLA
3,3,3,QPWD,CUSTOMER,QPWD - Ville de Qu√©bec,Quebec Public Works Department,,http://lighttree.com/QPWD
4,4,4,MAHD,CUSTOMER,MAHD - Boston,Massachusetts Highway Department (Mass Highway),,http://lighttree.com/MAHD
5,5,5,KYTC,CUSTOMER,KYTC - Lexington,Kentucky Transportation Cabinet (KYTC),,http://lighttree.com/KYTC
6,6,6,NYDOT,CUSTOMER,NYDOT - New Rochelle,New York Department of Transportation,,http://lighttree.com/NYDOT
7,7,7,CALTRAN,CUSTOMER,CALTRAN - San Diego,California Department of Transportation (Caltrans),,http://lighttree.com/CALTRAN
8,8,8,AHTD,CUSTOMER,AHTD - Bentonville,Arkansas State Highway and Transportation Dept (AHTD),,http://lighttree.com/AHTD
9,9,9,Alumi-lux,SUPPLIER,Alumi-lux - Nashua,Alumi-lux Metal Products,,http://lighttree.com/Alumi-lux
10,10,10,Amos,SUPPLIER,Amos - Philadelphia,Amos Wire Products Inc,,http://lighttree.com/Amos
11,11,11,Autonomic,SUPPLIER,Autonomic - Morgantown,Autonomic Specialties,,http://lighttree.com/Autonomic
12,12,12,Benchmark,SUPPLIER,Benchmark - Wheaton,Benchmark Lighting,,http://lighttree.com/Benchmark
13,13,13,Brewers,SUPPLIER,Brewers - Phoenix,Brewers Manufacturing,,http://lighttree.com/Brewers
14,14,14,Core,SUPPLIER,Core - Saranac Lake,Core Components of North America,,http://lighttree.com/Core
15,15,15,Corporal,SUPPLIER,Corporal - Tulsa,Corporal Brass,,http://lighttree.com/Corporal
16,16,16,EM,SUPPLIER,EM - Hemphill,Engineered Materials,,http://lighttree.com/EM
17,17,17,Exclusive,SUPPLIER,Exclusive - Billings,Exclusive Plastics,,http://lighttree.com/Exclusive
18,18,18,F & M,SUPPLIER,F & M - Columbus,F & M Metals,,http://lighttree.com/F & M
19,19,19,Flexilux,SUPPLIER,Flexilux - Worcester,Flexilux Industries,,http://lighttree.com/Flexilux
20,20,20,Gaylor,SUPPLIER,Gaylor - Ocean Springs,Gaylor Design,,http://lighttree.com/Gaylor
21,21,21,Gemini,SUPPLIER,Gemini - Dallas,Gemini Design Technology,,http://lighttree.com/Gemini
22,22,22,Glickman,SUPPLIER,Glickman - Waterford,Glickman Lighting,,http://lighttree.com/Glickman
23,23,23,Groulsh,SUPPLIER,Groulsh - Charleston,Groulsh Industries,,http://lighttree.com/Groulsh
24,24,24,Hardy,SUPPLIER,Hardy - Salina,Hardy Industries,,http://lighttree.com/Hardy
25,25,25,Holloway,SUPPLIER,Holloway - Phoenix,Holloway Lighting Parts,,http://lighttree.com/Holloway
26,26,26,Howard,SUPPLIER,Howard - Vineyard Haven,Howard Plastics,,http://lighttree.com/Howard
27,27,27,Interalloy,SUPPLIER,Interalloy - Bozeman,Interalloy Corporation,,http://lighttree.com/Interalloy
28,28,28,J&R,SUPPLIER,J&R - Montgomery,J&R Plastics,,http://lighttree.com/J&R
29,29,29,Lex,SUPPLIER,Lex - Ocean Pines,Lex Filters,,http://lighttree.com/Lex
30,30,30,LightLens,SUPPLIER,LightLens - Ipswich ,LightLens Industries,,http://lighttree.com/LightLens
31,31,31,Litesource,SUPPLIER,Litesource - San Antonio,Litesource Chrystal,,http://lighttree.com/Litesource
32,32,32,Lorel,SUPPLIER,Lorel - Sioux Falls,Lorel Lamps Parts,,http://lighttree.com/Lorel
33,33,33,Luminar,SUPPLIER,Luminar - Palm Beach Gardens,Luminar Lines,,http://lighttree.com/Luminar
34,34,34,McGrey,SUPPLIER,McGrey - Mt Sterling,McGrey Electrical,,http://lighttree.com/McGrey
35,35,35,Mueller,SUPPLIER,Mueller - Pittsburgh,Mueller OEM,,http://lighttree.com/Mueller
36,36,36,Paltronix,SUPPLIER,Paltronix - Wilmington,Paltronix,,http://lighttree.com/Paltronix
37,37,37,Plastico,SUPPLIER,Plastico - Glen Allen,Plastico,,http://lighttree.com/Plastico
38,38,38,Plastilite,SUPPLIER,Plastilite - Scottsdale,Plastilite Corporation,,http://lighttree.com/Plastilite
39,39,39,Plexilux,SUPPLIER,Plexilux - Springfield,Plexilux,,http://lighttree.com/Plexilux
40,40,40,Press,SUPPLIER,Press - Albany,Press Lite Industries,,http://lighttree.com/Press
41,41,41,R&J,SUPPLIER,R&J - Vancouver,R&J Lamp Supply,,http://lighttree.com/R&J
42,42,42,R.G.D.,SUPPLIER,R.G.D. - Oxon Hill,R.G.D. Lighting Components,,http://lighttree.com/R.G.D.
43,43,43,Ripley,SUPPLIER,Ripley - Trenton,Ripley Controls,,http://lighttree.com/Ripley
44,44,44,RLP,SUPPLIER,RLP - Troy,RLP Lighting Components,,http://lighttree.com/RLP
45,45,45,Robinson,SUPPLIER,Robinson - Sacramento,Robinson Glass,,http://lighttree.com/Robinson
46,46,46,RSQ,SUPPLIER,RSQ - Narragansett,RSQ Lighting,,http://lighttree.com/RSQ
47,47,47,Rylo,SUPPLIER,Rylo - Spiro,Rylo Thermic Shields,,http://lighttree.com/Rylo
48,48,48,SA,SUPPLIER,SA - Loretto,SA Lighting,,http://lighttree.com/SA
49,49,49,Salco,SUPPLIER,Salco - Atlanta,Salco,,http://lighttree.com/Salco
50,50,50,SilverOptics,SUPPLIER,SilverOptics - Dover,SilverOptics,,http://lighttree.com/SilverOptics
51,51,51,Southwestern,SUPPLIER,Southwestern - Woodland,Southwestern Louver Company,,http://lighttree.com/Southwestern
52,52,52,Special,SUPPLIER,Special - Southlake,Special Effects Light Co,,http://lighttree.com/Special
53,53,53,Thermal,SUPPLIER,Thermal - Cincinnati,Thermal Surface Systems,,http://lighttree.com/Thermal
54,54,54,Total Source,SUPPLIER,Total Source - Waukesha,Total Source Extrusion Corporation,,http://lighttree.com/Total Source
55,55,55,Venice,SUPPLIER,Venice - Artesia,Venice Lamp and Shade,,http://lighttree.com/Venice
56,56,56,AFX,CARRIER,AFX - El Paso,Air Freight Express,,http://lighttree.com/AFX
57,57,57,Dunham,CARRIER,Dunham - Centralia,Dunham Lines,,http://lighttree.com/Dunham
58,58,58,NatEx,CARRIER,NatEx - Pawtucket,NatEx,,http://lighttree.com/NatEx
59,59,59,TransOceanic,CARRIER,TransOceanic - Slater,TransOceanic,,http://lighttree.com/TransOceanic
60,60,60,UXS,CARRIER,UXS - Madison,UXS,,http://lighttree.com/UXS
61,61,61,TranEx,CARRIER,TranEx - Kansas City,TranEx,,http://lighttree.com/TranEx
62,62,62,RPS,CARRIER,RPS - Philadelphia,RPS,,http://lighttree.com/RPS
